[
    {
        "name": "Traffic Flow",
        "desc": "TV Show",
        "pic": "assets/img/icons/feed/movie.svg"
    },
    {
        "name": "Alien Parasit",
        "desc": "Movie",
        "pic": "assets/img/icons/feed/movie.svg"
    },
    {
        "name": "Galaxy Wars",
        "desc": "Movie",
        "pic": "assets/img/icons/feed/movie.svg"
    },
    {
        "name": "The Great Invasion",
        "desc": "Movie",
        "pic": "assets/img/icons/feed/movie.svg"
    },
    {
        "name": "The Dark Ages",
        "desc": "TV Show",
        "pic": "assets/img/icons/feed/movie.svg"
    },
    {
        "name": "Freaking Holdup",
        "desc": "TV Show",
        "pic": "assets/img/icons/feed/movie.svg"
    },
    {
        "name": "King of Monsters",
        "desc": "Animation",
        "pic": "assets/img/icons/feed/movie.svg"
    }
]