[
    {
        "name": "Fast Pizza",
        "activity": "Pizza & Fast Food",
        "followers": "150K",
        "page_id": "0",
        "profile_picture": "https://via.placeholder.com/150x150",
        "cover_image": "https://via.placeholder.com/400x150"
    },
    {
        "name": "Lonely Droid",
        "activity": "Technology",
        "followers": "75K",
        "page_id": "1",
        "profile_picture": "https://via.placeholder.com/150x150",
        "cover_image": "https://via.placeholder.com/400x150"
    },
    {
        "name": "Meta movies",
        "activity": "Movies / Entertainment",
        "followers": "29K",
        "page_id": "2",
        "profile_picture": "https://via.placeholder.com/150x150",
        "cover_image": "https://via.placeholder.com/400x150"
    },
    {
        "name": "Nuclearjs",
        "activity": "Technology",
        "followers": "3K",
        "page_id": "3",
        "profile_picture": "https://via.placeholder.com/150x150",
        "cover_image": "https://via.placeholder.com/400x150"
    },
    {
        "name": "Slicer",
        "activity": "Web / Design",
        "followers": "130K",
        "page_id": "4",
        "profile_picture": "https://via.placeholder.com/150x150",
        "cover_image": "https://via.placeholder.com/400x150"
    },
    {
        "name": "Css Ninja",
        "activity": "Web / Design",
        "followers": "530",
        "page_id": "5",
        "profile_picture": "https://via.placeholder.com/150x150",
        "cover_image": "https://via.placeholder.com/400x150"
    },
    {
        "name": "Brent University",
        "activity": "Education",
        "followers": "230K",
        "page_id": "6",
        "profile_picture": "https://via.placeholder.com/150x150",
        "cover_image": "https://via.placeholder.com/400x150"
    },
    {
        "name": "Los Angeles, CA",
        "activity": "Cities & Travel",
        "followers": "15M",
        "page_id": "8",
        "profile_picture": "https://via.placeholder.com/150x150",
        "cover_image": "https://via.placeholder.com/400x150"
    },
    {
        "name": "Lipflow",
        "activity": "Fashion",
        "followers": "800K",
        "page_id": "9",
        "profile_picture": "https://via.placeholder.com/150x150",
        "cover_image": "https://via.placeholder.com/400x150"
    },
    {
        "name": "Drop Cosmetics",
        "activity": "Fashion",
        "followers": "800K",
        "page_id": "10",
        "profile_picture": "https://via.placeholder.com/150x150",
        "cover_image": "https://via.placeholder.com/400x150"
    },
    {
        "name": "Quick Fashion",
        "activity": "Fashion",
        "followers": "220K",
        "page_id": "11",
        "profile_picture": "https://via.placeholder.com/150x150",
        "cover_image": "https://via.placeholder.com/400x150"
    },
    {
        "name": "Go Pizza",
        "activity": "Pizza & Fast Food",
        "followers": "135K",
        "page_id": "13",
        "profile_picture": "https://via.placeholder.com/150x150",
        "cover_image": "https://via.placeholder.com/400x150"
    },
    {
        "name": "O' Reilly's",
        "activity": "Burgers & Fast Food",
        "followers": "320K",
        "page_id": "14",
        "profile_picture": "https://via.placeholder.com/150x150",
        "cover_image": "https://via.placeholder.com/400x150"
    },
    {
        "name": "Epic Burger",
        "activity": "Burgers & Fast Food",
        "followers": "45K",
        "page_id": "15",
        "profile_picture": "https://via.placeholder.com/150x150",
        "cover_image": "https://via.placeholder.com/400x150"
    },
    {
        "name": "Downtown Subs",
        "activity": "Fast Food",
        "followers": "30K",
        "page_id": "16",
        "profile_picture": "https://via.placeholder.com/150x150",
        "cover_image": "https://via.placeholder.com/400x150"
    }
]