[
    {
        "name": "Awesome",
        "pic": "assets/img/icons/emoji/awesome.svg"
    },
    {
        "name": "Great",
        "pic": "assets/img/icons/emoji/great.svg"
    },
    {
        "name": "Calm",
        "pic": "assets/img/icons/emoji/calm.svg"
    },
    {
        "name": "Cool",
        "pic": "assets/img/icons/emoji/cool.svg"
    },
    {
        "name": "Sad",
        "pic": "assets/img/icons/emoji/sad.svg"
    },
    {
        "name": "Crazy",
        "pic": "assets/img/icons/emoji/crazy.svg"
    },
    {
        "name": "Devil",
        "pic": "assets/img/icons/emoji/devil.svg"
    },
    {
        "name": "Embarrassed",
        "pic": "assets/img/icons/emoji/embarrassed.svg"
    },
    {
        "name": "Angry",
        "pic": "assets/img/icons/emoji/angry.svg"
    },
    {
        "name": "Exhausted",
        "pic": "assets/img/icons/emoji/exhausted.svg"
    },
    {
        "name": "Hilarious",
        "pic": "assets/img/icons/emoji/hilarious.svg"
    },
    {
        "name": "In love",
        "pic": "assets/img/icons/emoji/love.svg"
    },
    {
        "name": "Like a robot",
        "pic": "assets/img/icons/emoji/robot.svg"
    },
    {
        "name": "Shocked",
        "pic": "assets/img/icons/emoji/shocked.svg"
    },
    {
        "name": "Sick",
        "pic": "assets/img/icons/emoji/sick.svg"
    },
    {
        "name": "Sleeping",
        "pic": "assets/img/icons/emoji/sleeping.svg"
    },
    {
        "name": "Thinking",
        "pic": "assets/img/icons/emoji/thinking.svg"
    }
]