[ 
    { 
       "name":"Afghanistan",
       "code":"AF",
       "pic":"/assets/img/icons/flags/afghanistan.svg"
    },
    { 
       "name":"Åland Islands",
       "code":"AX",
       "pic":"/assets/img/icons/flags/aland-islands.svg"
    },
    { 
       "name":"Albania",
       "code":"AL",
       "pic":"/assets/img/icons/flags/albania.svg"
    },
    { 
       "name":"Algeria",
       "code":"DZ",
       "pic":"/assets/img/icons/flags/algeria.svg"
    },
    { 
       "name":"American Samoa",
       "code":"AS",
       "pic":"/assets/img/icons/flags/american-samoa.svg"
    },
    { 
       "name":"Andorra",
       "code":"AD",
       "pic":"/assets/img/icons/flags/andorra.svg"
    },
    { 
       "name":"Angola",
       "code":"AO",
       "pic":"/assets/img/icons/flags/angola.svg"
    },
    { 
       "name":"Anguilla",
       "code":"AI",
       "pic":"/assets/img/icons/flags/anguilla.svg"
    },
    { 
       "name":"Antigua and Barbuda",
       "code":"AG",
       "pic":"/assets/img/icons/flags/antigua-and-barbuda.svg"
    },
    { 
       "name":"Argentina",
       "code":"AR",
       "pic":"/assets/img/icons/flags/argentina.svg"
    },
    { 
       "name":"Armenia",
       "code":"AM",
       "pic":"/assets/img/icons/flags/armenia.svg"
    },
    { 
       "name":"Aruba",
       "code":"AW",
       "pic":"/assets/img/icons/flags/aruba.svg"
    },
    { 
       "name":"Australia",
       "code":"AU",
       "pic":"/assets/img/icons/flags/australia.svg"
    },
    { 
       "name":"Austria",
       "code":"AT",
       "pic":"/assets/img/icons/flags/austria.svg"
    },
    { 
       "name":"Azerbaijan",
       "code":"AZ",
       "pic":"/assets/img/icons/flags/azerbaijan.svg"
    },
    { 
       "name":"Bahamas",
       "code":"BS",
       "pic":"/assets/img/icons/flags/bahamas.svg"
    },
    { 
       "name":"Bahrain",
       "code":"BH",
       "pic":"/assets/img/icons/flags/bahrain.svg"
    },
    { 
       "name":"Bangladesh",
       "code":"BD",
       "pic":"/assets/img/icons/flags/bangladesh.svg"
    },
    { 
       "name":"Barbados",
       "code":"BB",
       "pic":"/assets/img/icons/flags/barbados.svg"
    },
    { 
       "name":"Belarus",
       "code":"BY",
       "pic":"/assets/img/icons/flags/belarus.svg"
    },
    { 
       "name":"Belgium",
       "code":"BE",
       "pic":"/assets/img/icons/flags/belgium.svg"
    },
    { 
       "name":"Belize",
       "code":"BZ",
       "pic":"/assets/img/icons/flags/belize.svg"
    },
    { 
       "name":"Benin",
       "code":"BJ",
       "pic":"/assets/img/icons/flags/benin.svg"
    },
    { 
       "name":"Bermuda",
       "code":"BM",
       "pic":"/assets/img/icons/flags/bermuda.svg"
    },
    { 
       "name":"Bhutan",
       "code":"BT",
       "pic":"/assets/img/icons/flags/bhutan.svg"
    },
    { 
       "name":"Bolivia",
       "code":"BO",
       "pic":"/assets/img/icons/flags/bolivia.svg"
    },
    { 
       "name":"Bosnia and Herzegovina",
       "code":"BA",
       "pic":"/assets/img/icons/flags/bosnia-and-herzegovina.svg"
    },
    { 
       "name":"Botswana",
       "code":"BW",
       "pic":"/assets/img/icons/flags/botswana.svg"
    },
    { 
       "name":"Brazil",
       "code":"BR",
       "pic":"/assets/img/icons/flags/brazil.svg"
    },
    { 
       "name":"British Indian Ocean Territory",
       "code":"IO",
       "pic":"/assets/img/icons/flags/british-indian-ocean-territory.svg"
    },
    { 
       "name":"Brunei Darussalam",
       "code":"BN",
       "pic":"/assets/img/icons/flags/brunei.svg"
    },
    { 
       "name":"Bulgaria",
       "code":"BG",
       "pic":"/assets/img/icons/flags/bulgaria.svg"
    },
    { 
       "name":"Burkina Faso",
       "code":"BF",
       "pic":"/assets/img/icons/flags/burkina-faso.svg"
    },
    { 
       "name":"Burundi",
       "code":"BI",
       "pic":"/assets/img/icons/flags/burundi.svg"
    },
    { 
       "name":"Cambodia",
       "code":"KH",
       "pic":"/assets/img/icons/flags/cambodia.svg"
    },
    { 
       "name":"Cameroon",
       "code":"CM",
       "pic":"/assets/img/icons/flags/cameroon.svg"
    },
    { 
       "name":"Canada",
       "code":"CA",
       "pic":"/assets/img/icons/flags/canada.svg"
    },
    { 
       "name":"Cape Verde",
       "code":"CV",
       "pic":"/assets/img/icons/flags/cape-verde.svg"
    },
    { 
       "name":"Cayman Islands",
       "code":"KY",
       "pic":"/assets/img/icons/flags/cayman-islands.svg"
    },
    { 
       "name":"Central African Republic",
       "code":"CF",
       "pic":"/assets/img/icons/flags/central-african-republic.svg"
    },
    { 
       "name":"Chad",
       "code":"TD",
       "pic":"/assets/img/icons/flags/chad.svg"
    },
    { 
       "name":"Chile",
       "code":"CL",
       "pic":"/assets/img/icons/flags/chile.svg"
    },
    { 
       "name":"China",
       "code":"CN",
       "pic":"/assets/img/icons/flags/china.svg"
    },
    { 
       "name":"Christmas Island",
       "code":"CX",
       "pic":"/assets/img/icons/flags/christmas-island.svg"
    },
    { 
       "name":"Cocos (Keeling) Islands",
       "code":"CC",
       "pic":"/assets/img/icons/flags/cocos-islands.svg"
    },
    { 
       "name":"Colombia",
       "code":"CO",
       "pic":"/assets/img/icons/flags/colombia.svg"
    },
    { 
       "name":"Comoros",
       "code":"KM",
       "pic":"/assets/img/icons/flags/comoros.svg"
    },
    { 
       "name":"Congo, The Democratic Republic of the",
       "code":"CD",
       "pic":"/assets/img/icons/flags/democratic-republic-of-congo.svg"
    },
    { 
       "name":"Cook Islands",
       "code":"CK",
       "pic":"/assets/img/icons/flags/cook-islands.svg"
    },
    { 
       "name":"Costa Rica",
       "code":"CR",
       "pic":"/assets/img/icons/flags/costa-rica.svg"
    },
    { 
       "name":"Ivory Coast",
       "code":"CI",
       "pic":"/assets/img/icons/flags/ivory-coast.svg"
    },
    { 
       "name":"Croatia",
       "code":"HR",
       "pic":"/assets/img/icons/flags/croatia.svg"
    },
    { 
       "name":"Cuba",
       "code":"CU",
       "pic":"/assets/img/icons/flags/cuba.svg"
    },
    { 
       "name":"Cyprus",
       "code":"CY",
       "pic":"/assets/img/icons/flags/cyprus.svg"
    },
    { 
       "name":"Czech Republic",
       "code":"CZ",
       "pic":"/assets/img/icons/flags/czech-republic.svg"
    },
    { 
       "name":"Denmark",
       "code":"DK",
       "pic":"/assets/img/icons/flags/denmark.svg"
    },
    { 
       "name":"Djibouti",
       "code":"DJ",
       "pic":"/assets/img/icons/flags/djibouti.svg"
    },
    { 
       "name":"Dominica",
       "code":"DM",
       "pic":"/assets/img/icons/flags/dominica.svg"
    },
    { 
       "name":"Dominican Republic",
       "code":"DO",
       "pic":"/assets/img/icons/flags/dominican-republic.svg"
    },
    { 
       "name":"Ecuador",
       "code":"EC",
       "pic":"/assets/img/icons/flags/ecuador.svg"
    },
    { 
       "name":"Egypt",
       "code":"EG",
       "pic":"/assets/img/icons/flags/egypt.svg"
    },
    { 
       "name":"El Salvador",
       "code":"SV",
       "pic":"/assets/img/icons/flags/salvador.svg"
    },
    { 
       "name":"Equatorial Guinea",
       "code":"GQ",
       "pic":"/assets/img/icons/flags/equatorial-guinea.svg"
    },
    { 
       "name":"Eritrea",
       "code":"ER",
       "pic":"/assets/img/icons/flags/eritrea.svg"
    },
    { 
       "name":"Estonia",
       "code":"EE",
       "pic":"/assets/img/icons/flags/estonia.svg"
    },
    { 
       "name":"Ethiopia",
       "code":"ET",
       "pic":"/assets/img/icons/flags/ethiopia.svg"
    },
    { 
       "name":"Falkland Islands (Malvinas)",
       "code":"FK",
       "pic":"/assets/img/icons/flags/falkland-islands.svg"
    },
    { 
       "name":"Faroe Islands",
       "code":"FO",
       "pic":"/assets/img/icons/flags/faroe-islands.svg"
    },
    { 
       "name":"Fiji",
       "code":"FJ",
       "pic":"/assets/img/icons/flags/fiji.svg"
    },
    { 
       "name":"Finland",
       "code":"FI",
       "pic":"/assets/img/icons/flags/finland.svg"
    },
    { 
       "name":"France",
       "code":"FR",
       "pic":"/assets/img/icons/flags/france.svg"
    },
    { 
       "name":"French Polynesia",
       "code":"PF",
       "pic":"/assets/img/icons/flags/french-polynesia.svg"
    },
    { 
       "name":"Gabon",
       "code":"GA",
       "pic":"/assets/img/icons/flags/gabon.svg"
    },
    { 
       "name":"Gambia",
       "code":"GM",
       "pic":"/assets/img/icons/flags/gambia.svg"
    },
    { 
       "name":"Georgia",
       "code":"GE",
       "pic":"/assets/img/icons/flags/georgia.svg"
    },
    { 
       "name":"Germany",
       "code":"DE",
       "pic":"/assets/img/icons/flags/germany.svg"
    },
    { 
       "name":"Ghana",
       "code":"GH",
       "pic":"/assets/img/icons/flags/ghana.svg"
    },
    { 
       "name":"Gibraltar",
       "code":"GI",
       "pic":"/assets/img/icons/flags/gibraltar.svg"
    },
    { 
       "name":"Greece",
       "code":"GR",
       "pic":"/assets/img/icons/flags/greece.svg"
    },
    { 
       "name":"Greenland",
       "code":"GL",
       "pic":"/assets/img/icons/flags/greenland.svg"
    },
    { 
       "name":"Grenada",
       "code":"GD",
       "pic":"/assets/img/icons/flags/grenada.svg"
    },
    { 
       "name":"Guam",
       "code":"GU",
       "pic":"/assets/img/icons/flags/guam.svg"
    },
    { 
       "name":"Guatemala",
       "code":"GT",
       "pic":"/assets/img/icons/flags/guatemala.svg"
    },
    { 
       "name":"Guernsey",
       "code":"GG",
       "pic":"/assets/img/icons/flags/guernsey.svg"
    },
    { 
       "name":"Guinea",
       "code":"GN",
       "pic":"/assets/img/icons/flags/guinea.svg"
    },
    { 
       "name":"Guinea-Bissau",
       "code":"GW",
       "pic":"/assets/img/icons/flags/guinea-bissau.svg"
    },
    { 
       "name":"Guyana",
       "code":"GY",
       "pic":"/assets/img/icons/flags/guyana.svg"
    },
    { 
       "name":"Haiti",
       "code":"HT",
       "pic":"/assets/img/icons/flags/haiti.svg"
    },
    { 
       "name":"Holy See (Vatican City State)",
       "code":"VA",
       "pic":"/assets/img/icons/flags/vatican-city.svg"
    },
    { 
       "name":"Honduras",
       "code":"HN",
       "pic":"/assets/img/icons/flags/honduras.svg"
    },
    { 
       "name":"Hong Kong",
       "code":"HK",
       "pic":"/assets/img/icons/flags/hong-kong.svg"
    },
    { 
       "name":"Hungary",
       "code":"HU",
       "pic":"/assets/img/icons/flags/hungary.svg"
    },
    { 
       "name":"Iceland",
       "code":"IS",
       "pic":"/assets/img/icons/flags/iceland.svg"
    },
    { 
       "name":"India",
       "code":"IN",
       "pic":"/assets/img/icons/flags/india.svg"
    },
    { 
       "name":"Indonesia",
       "code":"ID",
       "pic":"/assets/img/icons/flags/indonesia.svg"
    },
    { 
       "name":"Iran, Islamic Republic Of",
       "code":"IR",
       "pic":"/assets/img/icons/flags/iran.svg"
    },
    { 
       "name":"Iraq",
       "code":"IQ",
       "pic":"/assets/img/icons/flags/iraq.svg"
    },
    { 
       "name":"Ireland",
       "code":"IE",
       "pic":"/assets/img/icons/flags/ireland.svg"
    },
    { 
       "name":"Isle of Man",
       "code":"IM",
       "pic":"/assets/img/icons/flags/isle-of-man.svg"
    },
    { 
       "name":"Israel",
       "code":"IL",
       "pic":"/assets/img/icons/flags/israel.svg"
    },
    { 
       "name":"Italy",
       "code":"IT",
       "pic":"/assets/img/icons/flags/italy.svg"
    },
    { 
       "name":"Jamaica",
       "code":"JM",
       "pic":"/assets/img/icons/flags/jamaica.svg"
    },
    { 
       "name":"Japan",
       "code":"JP",
       "pic":"/assets/img/icons/flags/japan.svg"
    },
    { 
       "name":"Jersey",
       "code":"JE",
       "pic":"/assets/img/icons/flags/jersey.svg"
    },
    { 
       "name":"Jordan",
       "code":"JO",
       "pic":"/assets/img/icons/flags/jordan.svg"
    },
    { 
       "name":"Kazakhstan",
       "code":"KZ",
       "pic":"/assets/img/icons/flags/kazakhstan.svg"
    },
    { 
       "name":"Kenya",
       "code":"KE",
       "pic":"/assets/img/icons/flags/kenya.svg"
    },
    { 
       "name":"Kiribati",
       "code":"KI",
       "pic":"/assets/img/icons/flags/kiribati.svg"
    },
    { 
       "name":"Korea, Democratic People's Republic of",
       "code":"KP",
       "pic":"/assets/img/icons/flags/north-korea.svg"
    },
    { 
       "name":"Korea, Republic of",
       "code":"KR",
       "pic":"/assets/img/icons/flags/south-korea.svg"
    },
    { 
       "name":"Kuwait",
       "code":"KW",
       "pic":"/assets/img/icons/flags/kuwait.svg"
    },
    { 
       "name":"Kyrgyzstan",
       "code":"KG",
       "pic":"/assets/img/icons/flags/kyrgyzstan.svg"
    },
    { 
       "name":"Laos People's Democratic Republic",
       "code":"LA",
       "pic":"/assets/img/icons/flags/laos.svg"
    },
    { 
       "name":"Latvia",
       "code":"LV",
       "pic":"/assets/img/icons/flags/afghanistan.svg"
    },
    { 
       "name":"Lebanon",
       "code":"LB",
       "pic":"/assets/img/icons/flags/latvia.svg"
    },
    { 
       "name":"Lesotho",
       "code":"LS",
       "pic":"/assets/img/icons/flags/lesotho.svg"
    },
    { 
       "name":"Liberia",
       "code":"LR",
       "pic":"/assets/img/icons/flags/liberia.svg"
    },
    { 
       "name":"Libyan Arab Jamahiriya",
       "code":"LY",
       "pic":"/assets/img/icons/flags/lybia.svg"
    },
    { 
       "name":"Liechtenstein",
       "code":"LI",
       "pic":"/assets/img/icons/flags/liechtenstein.svg"
    },
    { 
       "name":"Lithuania",
       "code":"LT",
       "pic":"/assets/img/icons/flags/lithuania.svg"
    },
    { 
       "name":"Luxembourg",
       "code":"LU",
       "pic":"/assets/img/icons/flags/luxembourg.svg"
    },
    { 
       "name":"Macao",
       "code":"MO",
       "pic":"/assets/img/icons/flags/macao.svg"
    },
    { 
       "name":"Madagascar",
       "code":"MG",
       "pic":"/assets/img/icons/flags/madagascar.svg"
    },
    { 
       "name":"Malawi",
       "code":"MW",
       "pic":"/assets/img/icons/flags/malawi.svg"
    },
    { 
       "name":"Malaysia",
       "code":"MY",
       "pic":"/assets/img/icons/flags/malaysia.svg"
    },
    { 
       "name":"Maldives",
       "code":"MV",
       "pic":"/assets/img/icons/flags/maldives.svg"
    },
    { 
       "name":"Mali",
       "code":"ML",
       "pic":"/assets/img/icons/flags/mali.svg"
    },
    { 
       "name":"Malta",
       "code":"MT",
       "pic":"/assets/img/icons/flags/malta.svg"
    },
    { 
       "name":"Marshall Islands",
       "code":"MH",
       "pic":"/assets/img/icons/flags/marshall-island.svg"
    },
    { 
       "name":"Martinique",
       "code":"MQ",
       "pic":"/assets/img/icons/flags/martinique.svg"
    },
    { 
       "name":"Mauritania",
       "code":"MR",
       "pic":"/assets/img/icons/flags/mauritania.svg"
    },
    { 
       "name":"Mauritius",
       "code":"MU",
       "pic":"/assets/img/icons/flags/mauritius.svg"
    },
    { 
       "name":"Mayotte",
       "code":"YT",
       "pic":"/assets/img/icons/flags/mayotte.svg"
    },
    { 
       "name":"Mexico",
       "code":"MX",
       "pic":"/assets/img/icons/flags/mexico.svg"
    },
    { 
       "name":"Micronesia, Federated States of",
       "code":"FM",
       "pic":"/assets/img/icons/flags/micronesia.svg"
    },
    { 
       "name":"Moldova, Republic of",
       "code":"MD",
       "pic":"/assets/img/icons/flags/moldova.svg"
    },
    { 
       "name":"Monaco",
       "code":"MC",
       "pic":"/assets/img/icons/flags/monaco.svg"
    },
    { 
       "name":"Mongolia",
       "code":"MN",
       "pic":"/assets/img/icons/flags/mongolia.svg"
    },
    { 
       "name":"Montserrat",
       "code":"MS",
       "pic":"/assets/img/icons/flags/montserrat.svg"
    },
    { 
       "name":"Morocco",
       "code":"MA",
       "pic":"/assets/img/icons/flags/morocco.svg"
    },
    { 
       "name":"Mozambique",
       "code":"MZ",
       "pic":"/assets/img/icons/flags/mozambique.svg"
    },
    { 
       "name":"Myanmar",
       "code":"MM",
       "pic":"/assets/img/icons/flags/myanmar.svg"
    },
    { 
       "name":"Namibia",
       "code":"NA",
       "pic":"/assets/img/icons/flags/namibia.svg"
    },
    { 
       "name":"Nauru",
       "code":"NR",
       "pic":"/assets/img/icons/flags/nauru.svg"
    },
    { 
       "name":"Nepal",
       "code":"NP",
       "pic":"/assets/img/icons/flags/nepal.svg"
    },
    { 
       "name":"Netherlands",
       "code":"NL",
       "pic":"/assets/img/icons/flags/netherlands.svg"
    },
    { 
       "name":"New Zealand",
       "code":"NZ",
       "pic":"/assets/img/icons/flags/new-zealand..svg"
    },
    { 
       "name":"Nicaragua",
       "code":"NI",
       "pic":"/assets/img/icons/flags/nicaragua.svg"
    },
    { 
       "name":"Niger",
       "code":"NE",
       "pic":"/assets/img/icons/flags/niger.svg"
    },
    { 
       "name":"Nigeria",
       "code":"NG",
       "pic":"/assets/img/icons/flags/nigeria.svg"
    },
    { 
       "name":"Niue",
       "code":"NU",
       "pic":"/assets/img/icons/flags/niue.svg"
    },
    { 
       "name":"Norfolk Island",
       "code":"NF",
       "pic":"/assets/img/icons/flags/norfolk-island.svg"
    },
    { 
       "name":"Northern Marianas Islands",
       "code":"MP",
       "pic":"/assets/img/icons/flags/northern-marianas-islands.svg"
    },
    { 
       "name":"Norway",
       "code":"NO",
       "pic":"/assets/img/icons/flags/norway.svg"
    },
    { 
       "name":"Oman",
       "code":"OM",
       "pic":"/assets/img/icons/flags/oman.svg"
    },
    { 
       "name":"Pakistan",
       "code":"PK",
       "pic":"/assets/img/icons/flags/pakistan.svg"
    },
    { 
       "name":"Palau",
       "code":"PW",
       "pic":"/assets/img/icons/flags/palau.svg"
    },
    { 
       "name":"Palestine, Occupied",
       "code":"PS",
       "pic":"/assets/img/icons/flags/palestine.svg"
    },
    { 
       "name":"Panama",
       "code":"PA",
       "pic":"/assets/img/icons/flags/panama.svg"
    },
    { 
       "name":"Papua New Guinea",
       "code":"PG",
       "pic":"/assets/img/icons/flags/papua-new-guinea.svg"
    },
    { 
       "name":"Paraguay",
       "code":"PY",
       "pic":"/assets/img/icons/flags/paraguay.svg"
    },
    { 
       "name":"Peru",
       "code":"PE",
       "pic":"/assets/img/icons/flags/peru.svg"
    },
    { 
       "name":"Philippines",
       "code":"PH",
       "pic":"/assets/img/icons/flags/philippines.svg"
    },
    { 
       "name":"Pitcairn",
       "code":"PN",
       "pic":"/assets/img/icons/flags/pitcairn-islands.svg"
    },
    { 
       "name":"Poland",
       "code":"PL",
       "pic":"/assets/img/icons/flags/republic-of-poland.svg"
    },
    { 
       "name":"Portugal",
       "code":"PT",
       "pic":"/assets/img/icons/flags/portugal.svg"
    },
    { 
       "name":"Puerto Rico",
       "code":"PR",
       "pic":"/assets/img/icons/flags/puerto-rico.svg"
    },
    { 
       "name":"Qatar",
       "code":"QA",
       "pic":"/assets/img/icons/flags/qatar.svg"
    },
    { 
        "name":"Macedonia",
        "code":"RM",
        "pic":"/assets/img/icons/flags/republic-of-macedonia.svg"
     },
    { 
       "name":"Romania",
       "code":"RO",
       "pic":"/assets/img/icons/flags/romania.svg"
    },
    { 
       "name":"Russian Federation",
       "code":"RU",
       "pic":"/assets/img/icons/flags/russia.svg"
    },
    { 
       "name":"Rwanda",
       "code":"RW",
       "pic":"/assets/img/icons/flags/rwanda.svg"
    },
    { 
       "name":"Saint Kitts and Nevis",
       "code":"KN",
       "pic":"/assets/img/icons/flags/saint-kitts-and-nevis.svg"
    },
    { 
       "name":"Samoa",
       "code":"WS",
       "pic":"/assets/img/icons/flags/samoa.svg"
    },
    { 
       "name":"San Marino",
       "code":"SM",
       "pic":"/assets/img/icons/flags/san-marino.svg"
    },
    { 
       "name":"Sao Tome and Principe",
       "code":"ST",
       "pic":"/assets/img/icons/flags/sao-tome-and-principe.svg"
    },
    { 
       "name":"Saudi Arabia",
       "code":"SA",
       "pic":"/assets/img/icons/flags/saudi-arabia.svg"
    },
    { 
       "name":"Senegal",
       "code":"SN",
       "pic":"/assets/img/icons/flags/senegal.svg"
    },
    { 
       "name":"Serbia",
       "code":"CS",
       "pic":"/assets/img/icons/flags/serbia.svg"
    },
    { 
       "name":"Seychelles",
       "code":"SC",
       "pic":"/assets/img/icons/flags/seychelles.svg"
    },
    { 
       "name":"Sierra Leone",
       "code":"SL",
       "pic":"/assets/img/icons/flags/sierra-leone.svg"
    },
    { 
       "name":"Singapore",
       "code":"SG",
       "pic":"/assets/img/icons/flags/singapore.svg"
    },
    { 
       "name":"Slovakia",
       "code":"SK",
       "pic":"/assets/img/icons/flags/slovakia.svg"
    },
    { 
       "name":"Slovenia",
       "code":"SI",
       "pic":"/assets/img/icons/flags/slovenia.svg"
    },
    { 
       "name":"Solomon Islands",
       "code":"SB",
       "pic":"/assets/img/icons/flags/solomon-islands.svg"
    },
    { 
       "name":"Somalia",
       "code":"SO",
       "pic":"/assets/img/icons/flags/somalia.svg"
    },
    { 
       "name":"South Africa",
       "code":"ZA",
       "pic":"/assets/img/icons/flags/south-africa.svg"
    },
    { 
       "name":"Spain",
       "code":"ES",
       "pic":"/assets/img/icons/flags/spain.svg"
    },
    { 
       "name":"Sri Lanka",
       "code":"LK",
       "pic":"/assets/img/icons/flags/sri-lanka.svg"
    },
    { 
       "name":"Sudan",
       "code":"SD",
       "pic":"/assets/img/icons/flags/sudan.svg"
    },
    { 
       "name":"Suriname",
       "code":"SR",
       "pic":"/assets/img/icons/flags/suriname.svg"
    },
    { 
       "name":"Swaziland",
       "code":"SZ",
       "pic":"/assets/img/icons/flags/swaziland.svg"
    },
    { 
       "name":"Sweden",
       "code":"SE",
       "pic":"/assets/img/icons/flags/sweden.svg"
    },
    { 
       "name":"Switzerland",
       "code":"CH",
       "pic":"/assets/img/icons/flags/switzerland.svg"
    },
    { 
       "name":"Syrian Arab Republic",
       "code":"SY",
       "pic":"/assets/img/icons/flags/syria.svg"
    },
    { 
       "name":"Taiwan, Province of China",
       "code":"TW",
       "pic":"/assets/img/icons/flags/taiwan.svg"
    },
    { 
       "name":"Tajikistan",
       "code":"TJ",
       "pic":"/assets/img/icons/flags/tajikistan.svg"
    },
    { 
       "name":"Tanzania, United Republic of",
       "code":"TZ",
       "pic":"/assets/img/icons/flags/tanzania.svg"
    },
    { 
       "name":"Thailand",
       "code":"TH",
       "pic":"/assets/img/icons/flags/thailand.svg"
    },
    { 
       "name":"Togo",
       "code":"TG",
       "pic":"/assets/img/icons/flags/togo.svg"
    },
    { 
       "name":"Tokelau",
       "code":"TK",
       "pic":"/assets/img/icons/flags/tokelau.svg"
    },
    { 
       "name":"Tonga",
       "code":"TO",
       "pic":"/assets/img/icons/flags/tonga.svg"
    },
    { 
       "name":"Trinidad and Tobago",
       "code":"TT",
       "pic":"/assets/img/icons/flags/trinidad-and-tobago.svg"
    },
    { 
       "name":"Tunisia",
       "code":"TN",
       "pic":"/assets/img/icons/flags/tunisia.svg"
    },
    { 
       "name":"Turkey",
       "code":"TR",
       "pic":"/assets/img/icons/flags/turkey.svg"
    },
    { 
       "name":"Turkmenistan",
       "code":"TM",
       "pic":"/assets/img/icons/flags/turkmenistan.svg"
    },
    { 
       "name":"Turks and Caicos Islands",
       "code":"TC",
       "pic":"/assets/img/icons/flags/turks-and-caicos.svg"
    },
    { 
       "name":"Tuvalu",
       "code":"TV",
       "pic":"/assets/img/icons/flags/tuvalu.svg"
    },
    { 
       "name":"Uganda",
       "code":"UG",
       "pic":"/assets/img/icons/flags/uganda.svg"
    },
    { 
       "name":"Ukraine",
       "code":"UA",
       "pic":"/assets/img/icons/flags/ukraine.svg"
    },
    { 
       "name":"United Arab Emirates",
       "code":"AE",
       "pic":"/assets/img/icons/flags/united-arab-emirates.svg"
    },
    { 
       "name":"United Kingdom",
       "code":"GB",
       "pic":"/assets/img/icons/flags/united-kingdom.svg"
    },
    { 
       "name":"United States",
       "code":"US",
       "pic":"/assets/img/icons/flags/united-states-of-america.svg"
    },
    { 
       "name":"Uruguay",
       "code":"UY",
       "pic":"/assets/img/icons/flags/uruguay.svg"
    },
    { 
       "name":"Uzbekistan",
       "code":"UZ",
       "pic":"/assets/img/icons/flags/uzbekistan.svg"
    },
    { 
       "name":"Vanuatu",
       "code":"VU",
       "pic":"/assets/img/icons/flags/vanuatu.svg"
    },
    { 
       "name":"Venezuela",
       "code":"VE",
       "pic":"/assets/img/icons/flags/venezuela.svg"
    },
    { 
       "name":"Viet Nam",
       "code":"VN",
       "pic":"/assets/img/icons/flags/vietnam.svg"
    },
    { 
       "name":"Virgin Islands, British",
       "code":"VG",
       "pic":"/assets/img/icons/flags/afghanistan.svg"
    },
    { 
       "name":"Virgin Islands, U.S.",
       "code":"VI",
       "pic":"/assets/img/icons/flags/virgin-islands.svg"
    },
    { 
       "name":"Yemen",
       "code":"YE",
       "pic":"/assets/img/icons/flags/yemen.svg"
    },
    { 
       "name":"Zambia",
       "code":"ZM",
       "pic":"/assets/img/icons/flags/zambia.svg"
    },
    { 
       "name":"Zimbabwe",
       "code":"ZW",
       "pic":"/assets/img/icons/flags/zimbabwe.svg"
    }
 ]